ticket_id,subject,body,answer,type,priority
1,Inconsistencies in Investment Data,"Customer Support, the company encountered unforeseen billing inconsistencies related to the investment data analytics service. These issues may stem from errors in system integration. Manual reconciliation of invoices was attempted but proved unsuccessful. Efforts to review the invoices and payment records still show discrepancies. We would be grateful if you could examine this matter and provide a detailed explanation for the discrepancies. If system integration errors are involved, kindly inform us of the steps to resolve the problem.","We have received your email regarding the investment data discrepancies. We will investigate this matter promptly. Please allow us some time to review the account <acc_num>. For further discussion, contact <tel_num>.",Billing and Payments,high
2,Urgent: Data Breach in Hospital Systems Security Procedures,"A data breach has been detected in the hospital's systems, potentially due to outdated security protocols and software vulnerabilities. Despite updating software, reviewing user access, and engaging security experts, the issue continues. Immediate assistance is required to ensure the security of patient medical data.","Hello, acknowledging your urgent request regarding the data breach in hospital systems security procedures. I understand the severity and the importance of securing patient medical data. For better assistance, could we schedule a call to discuss the current state of the systems and the measures that have been taken so far? I am available at the earliest convenience and can be reached at <tel_num> for this discussion. Please confirm a time that works for you.",Billing and Payments,high
3,Details on Project Management SaaS Pricing,Is it possible to get details on the pricing tiers for your project management SaaS service? Thank you!,"Hello, regarding your inquiry about the pricing tiers for our project management SaaS service. We offer three main tiers, each with varying levels of features and support, and pricing is based on the number of users and the level of service required. For detailed information, I would be happy to discuss this with you. We are also available for a brief call to go over the pricing options and answer any questions you may have. Please let us know a convenient time for the call. Contact number: <tel_num>.",Billing and Payments,medium
4,Billing Support Inquiry,"Dear Customer Support, I am seeking guidance on integrating billing payment functionalities within HubSpot CRM and Cassandra 4.0 analytics. Could you provide comprehensive instructions and resources to accomplish this? I would also appreciate details on compatibility, setup prerequisites, and any potential limitations. If there are specific configurations or workarounds I should be aware of, please inform me. I look forward to your response and to finding a solution that meets our integration requirements. Thank you for your time and assistance. Excited to hear from you.","<name> I am happy to assist with integrating billing payments in HubSpot CRM and Cassandra 4.0 analytics. To better understand your needs, please share details about your current setup and the specific billing payment functionalities you wish to integrate. Kindly provide information about your existing system and the desired outcomes. You can also find general information about HubSpot CRM and Cassandra 4.0 analytics on their official websites. If needed, we can schedule a call to discuss your requirements in depth and offer a tailored solution.",Billing and Payments,medium
5,Issues with Latest Billing Statements,There are ongoing inconsistencies in the billing statements.,Please review the recent billing statements <acc_num> to resolve any discrepancies. Contact us at <contact_info> for assistance.,Billing and Payments,medium
6,Inquiry Regarding Pricing Plans for Scalability Features,"Customer support is seeking information about the SaaS platform's scalability features and corresponding pricing plans. Could you offer detailed insights into how the platform manages increased traffic and usage? What features are included in the various pricing tiers? Additionally, we are interested in customization options, available integrations, and security protocols. We would also like to know about discounts for long-term commitments and bulk subscriptions. Please provide a comprehensive overview of your offerings to help us make an informed decision.",We will supply detailed information about the SaaS scalability features and pricing plans through a follow-up email or phone call at your convenience.,Customer Service,low
7,Concern about Marketing Campaign,"The marketing campaign is not performing well due to integration issues with digital tools. Despite attempts to troubleshoot by updating plugins, the problem continues.","To address the issue with the marketing campaign, we would like to discuss how to resolve the integration problems with digital tools. Could you please provide more details at a suitable time for a call to assist with this matter?",Customer Service,high
8,Data Security Concerns in Hospital Infrastructure,"Hospital infrastructure is facing possible data security risks due to outdated protective measures. Despite applying recent patches and conducting system scans, the problem remains unresolved. Immediate support is required to address this issue.","<name> is preparing an acknowledgment email regarding the potential data security concern in hospital systems. We recognize the urgency and aim to assist you promptly. To provide better support, we would like to arrange a call at your earliest convenience to discuss the details. Kindly inform us of a suitable time for the call at <tel_num> or your preferred timing. Meanwhile, please ensure that the systems are secured to prevent any data loss.",Customer Service,low
9,Protecting Healthcare Data on IBM Cloud,"Seeking advice on safeguarding healthcare information utilizing IBM Cloud Ansible. Kindly share best practices, recommendations, and implementation strategies.","<name>, I provide support for securing healthcare data with IBM Cloud Ansible. To ensure data security, it is recommended to implement encryption, access restrictions, and auditing mechanisms. Use IBM Cloud's Key Protect service to manage encryption keys effectively. For access control, leverage Ansible's role-based access control features to limit access to authorized personnel. Additionally, utilize IBM Cloud's security compliance tools to continuously monitor and maintain security standards.",Customer Service,low
10,Customer Inquiry on Digital Strategies,"Customer Support, seeking assistance with digital strategies for brand growth. Could you provide details on methods and techniques to enhance brand awareness and engagement? Particularly interested in learning about social media and content marketing approaches. Appreciate your prompt assistance and look forward to hearing back soon.","Thank you for reaching out to our customer support team regarding digital strategies for brand growth. We utilize various methods to increase brand awareness and engagement, including social media and content marketing approaches. We would be happy to provide more information on the techniques and methods we use. For your convenience, we are available to discuss further at a time that suits you. Please let us know a suitable time to contact at <tel_num>.",Customer Service,medium
11,Request for Insights on Digital Strategies to Enhance Brand Growth,"Dear Customer Support, I am inquiring about digital strategies to enhance brand growth. Specifically, I am interested in learning how to utilize Squarespace and Slack to achieve our goals. Could you provide guidance on how to leverage these tools to increase our brand's visibility and engagement? I would appreciate any tips or recommendations you can offer. Additionally, I am keen to know how the integration of Squarespace and Slack can work together to support brand growth. Thank you for your time and assistance. I look forward to hearing from you.","Thank you for your inquiry regarding leveraging Squarespace and Slack to enhance brand growth. Squarespace can help in enhancing your online presence and building e-commerce tools, while Slack can facilitate team communication and collaboration. To increase brand visibility and engagement, consider using Squarespace to create a visually appealing website and use Slack to streamline your team's workflow and content creation. The integration of Squarespace and Slack allows for seamless communication and project management, enabling your team to work efficiently.",General Inquiry,high
12,Problem with Digital Engagement,"Facing an unexpected decline in digital engagement metrics which is affecting our brand growth strategies. The recent modifications to digital ad algorithms might be the cause. After making adjustments to ad targeting and revising the content, there was some improvement. I need help in resolving this issue.","Let's review the digital engagement issue. Please contact <tel_num> to discuss possible causes and solutions, including recent algorithm changes. We will determine the next steps to resolve the issue affecting <acc_num> account.",General Inquiry,high
13,Healthcare Data Concern,"Encountered a possible data security risk within hospital systems due to outdated software and weak access controls. Upgraded the software, strengthened password protocols, and conducted basic security scans, which yielded limited insights.",Seeking information to investigate and quickly resolve the healthcare data security problem.,General Inquiry,low
14,Problem with Investment Data Analysis Tools,An issue has arisen with the investment data analysis tools. Recent software updates and configuration changes might be the cause. We have restarted the affected systems and checked for updates.,<name> acknowledges the issue with the investment data analysis tools and appreciates the steps taken to restart the affected systems and check for updates. Please provide details of any error messages if the issue persists. We are happy to assist in resolving the issue and are available to schedule a call at your convenience to discuss the recent software updates and configuration changes made.,General Inquiry,low
15,Concerns About Digital Engagement Metrics,"Customer Support,\n\nOur marketing agency has observed a notable decrease in digital engagement metrics across various platforms. This decline could be attributed to recent strategy adjustments or potential technical issues with the tools we use. We have already reviewed our content strategies and checked our tool integrations, implementing immediate solutions. However, the decline in engagement has been consistent over the past few weeks, which we are concerned might affect our overall marketing performance.\n\nWe would appreciate your assistance in identifying the root cause of this issue.","{\""name}, we acknowledge the issue with the digital engagement metrics. It appears that your marketing agency has experienced a significant drop in engagement across multiple platforms. You have already reviewed your content strategies and tool integrations. To better assist you, we would like to request more information on the recent strategy changes and the specific metrics that have been affected. Could you please provide more details on the tools and changes made in your campaigns? This information will help us investigate the root cause of this issue.",General Inquiry,low
16,Security Operations Center DevSecOps Surveillance Notification Issue,"Dear Support Team,\n\nWe are currently facing a persistent problem involving the SOC DevSecOps surveillance of Ubuntu 20.04 systems used in IoT medical devices. It seems that potential network sensor misconfigurations may have caused a series of continuous alerts. We have already rebooted the associated services and examined the SOC dashboard; however, the issues continue. Kindly assist us in diagnosing and resolving this problem promptly to ensure the seamless operation of device monitoring.\n\nWe appreciate your quick support.\n\nBest regards,\n[Your Name]",Thank you for reaching out. Please send us the specific alert messages and details about recent configuration modifications. This information will assist us in identifying the root cause and recommending precise solutions.,Human Resources,low
17,Detection of Unauthorized Access Attempt,"An unauthorized access attempt was detected on the hospital's network. This may have occurred due to outdated security protocols. We have updated access credentials and conducted a basic security audit. The issue has been thoroughly investigated to prevent future occurrences. Our team is working diligently to ensure the security of the network. Please stay updated on the developments. If you have any questions or concerns regarding this matter, please let us know.",Thank you for the update and for your efforts to ensure network security.,Human Resources,low
18,Inquiry on Integration Options for IBM Cloud,"Seeking information on integration options available for our project management SaaS on IBM Cloud. Could you provide details on available integration options, APIs, webhooks, and pre-built connectors? Also, please share any documentation guides that could assist in the integration process.",Reviewing integration options for IBM Cloud and will reply with available details and documentation shortly.,Human Resources,medium
19,Problem with Monday.com Tools on Monday,"Customer Support,<br>The marketing agency encountered integration difficulties with Monday.com tools on Monday, which has disrupted the workflow and project management. It may be due to recent software updates. So far, our troubleshooting efforts have included restarting applications and checking for compatibility updates, but the issues still persist.<br>We are concerned as this may affect project deadlines and overall performance. We would greatly appreciate it if you could look into this matter urgently and provide a solution or guidance to resolve the issue.<br>Please","Dear [Name],<br>Thank you for reaching out regarding the integration issues with Monday.com tools experienced by the marketing agency. I am sorry to hear that troubleshooting efforts have not yet resolved the issue. We understand the urgency of the matter and its potential impact on project deadlines and performance.<br>To better assist you, could you please provide more details on the specific errors or symptoms you are experiencing, as well as the exact software updates that have been recently applied? Additionally, it would be helpful to know if compatibility updates have been checked.<br>Thank you for your cooperation.",Human Resources,low
20,Recent Update Caused Multiple Product Integration Failures,"Reporting a problem with multiple product integrations, such as iOS and Linux, which unexpectedly failed after the recent platform update. The likely cause appears to be conflicts introduced by the latest update. Troubleshooting efforts including system restarts and patch verifications have not resolved the issue. We would appreciate prompt assistance to resolve this matter. Please advise on the necessary steps to address the problem.",Please investigate the issue by contacting <tel_num> to discuss possible solutions for the failed product integrations.,Human Resources,low
21,Login Problem on Windows 10,"Dear Customer Support,\n\nI'm facing difficulties when trying to access my Windows 10 Pro device. Each login attempt results in the system either hanging or displaying an error message that blocks access. I've rebooted several times and checked that my keyboard functions correctly, but the issue continues. This problem is significantly affecting my work since I can't open files or use applications. Could you please help me resolve this login issue as soon as possible? Here are some troubleshooting steps I've taken.","Thank you for reaching out regarding your login trouble with your Windows 10 Pro device. To assist you better, could you specify the exact error message you see during login? Additionally, do you log in using a local account or a Microsoft account? If possible, try booting your computer in Safe Mode by repeatedly pressing F8 during startup. Please let us know if this allows you to log in. If not, kindly provide us with recent error details or screenshots to further diagnose the issue.",IT Support,medium
22,Problem with Data Analytics Tools,"Currently facing an issue with the data analytics tools that is affecting investment optimization. The possible cause might be a misconfiguration in the network software. We have attempted to reboot the systems, verify connections, and reset the affected applications, but the problem remains. Your prompt assistance in resolving this matter would be greatly appreciated to minimize operational disruptions.","<name>, we acknowledge the problem with the data analytics tools and understand its impact on investment optimization. We will investigate the issue; could you please provide details of any error messages received and the exact steps you have taken so far? We would like to schedule a call at your convenience to discuss the matter and work towards a resolution. If you are available for a call at <tel_num>, or if you prefer a different time, please let us know a suitable time so we can assist in resolving the issue.",IT Support,medium
23,Seeking Effective Digital Strategies for Brand Growth,I am looking to inquire about effective digital strategies that can enhance brand growth. Could you provide information on the products or services listed that have been utilized to achieve similar goals? I would greatly appreciate any guidance or recommendations that can help me make informed decisions.,"I am delighted to help with your inquiry regarding effective digital strategies for enhancing brand growth. To better understand your needs, could you please provide information on your current brand status and the specific areas where you are looking to improve? This will allow me to provide tailored guidance and recommendations. Generally, the products and services we offer are designed to help businesses like yours achieve their growth goals, including targeted digital marketing and analytics solutions. I would be happy to discuss these products in detail and explain how they can be beneficial.",IT Support,medium
24,Concern about Recent Deployment's Access Problems,"A critical bug in the latest deployment has led to intermittent access issues for users. It might have resulted from recent code updates. After rebooting the servers and clearing the cache, the issue still persists. An investigation is needed to resolve the problem.","Received your email regarding the issue with recent deployment access. I'm sorry to hear about the critical bug causing intermittent access problems for users, even after rebooting the servers and clearing the cache. It's clear that an investigation is needed to resolve the issue. To better assist you, could you please provide more details on the error messages and the symptoms you're experiencing? Additionally, it would be helpful if you could specify the recent code updates made.",IT Support,high
25,Interruption,"Customer support reports a significant problem affecting the healthcare provider's network. Recently, multiple devices experienced network interruptions. Initial investigations suggest that the disruptions may be due to either adapter failures or configuration mistakes. Attempts to fix the issue included resetting the devices and thoroughly checking all connections. Unfortunately, despite these efforts, the problem remains unresolved. These disruptions have impacted operations, so it is crucial to find a solution.","<name>, I am writing to acknowledge receipt of your email regarding the network disruptions within the healthcare provider's system. We understand the urgency of the issue and its impact on operations. To assist you more effectively, I would like to arrange a call to discuss the details further. Please let me know a convenient time for you so we can ensure contact. Additionally, providing information about the device configurations in place would help our team identify the root cause more efficiently.",IT Support,high
26,Intermittent Downtime on SaaS Platform,The SaaS platform is experiencing sporadic outages that impact several integrations. Recent updates might be causing compatibility issues. Restarting services and clearing caches have temporarily resolved the problem. Assistance is needed to fully resolve the issue.,"We are currently experiencing intermittent downtime on the SaaS platform. To better assist you, we would like to schedule a call to discuss the details of the problem. Please let us know a convenient time for you. In the meantime, review the recent updates as they may be contributing to compatibility conflicts. We aim to resolve this issue promptly and will work towards providing an effective solution.",Product Support,high
27,Synchronization Failure Issue,"Dear Customer Support, I am reaching out to highlight a critical issue impacting users across various integrated services, including Google Keep and SendGrid. The problem involves frequent synchronization failures, which are suspected to be caused by recent conflicts following an API update. Our team has attempted to resolve the issue by clearing caches, restarting services, and verifying API keys, but these efforts have not succeeded. We kindly request that the team investigate this matter urgently and provide assistance.","<name>, we apologize for the synchronization issues affecting our integrated services. We will prioritize investigating this problem. To facilitate the investigation, please provide details about the recent API updates and the specific error messages you are encountering. If necessary, we can schedule a call at <tel_num> to discuss this further. Please let us know a convenient time. We appreciate your prompt response and look forward to resolving this issue as soon as possible. <acc_num>",Product Support,medium
28,Reported Performance Problem in SaaS Application,"Documenting an issue with the SaaS application's performance, which is experiencing intermittent degradation. The probable cause appears to be an overload of database connections. Restarting services and clearing the cache did not resolve the problem. Your prompt assistance in addressing this matter would be appreciated to avoid user disruptions.","To assist with the SaaS performance problem, please share any error messages encountered and additional troubleshooting details.",Product Support,medium
29,Assistance Needed with Product Integration Difficulties,"Currently facing multiple simultaneous failures in product integrations, which are disrupting workflows and causing data synchronization errors. The problem might be related to recent API update conflicts. We have tried restarting the system, validating API keys, and performing partial service rollbacks, which helped resolve the issue. We would appreciate your prompt support to resolve this matter and minimize operational impact.","Thank you for reaching out regarding product integration difficulties. Please provide details about the recent API updates and any specific error messages you are encountering. To assist you further, I will need your account information. Kindly reply via email with your account number or suggest a convenient time for a callback.",Product Support,high
30,Declining Engagement in Recent Marketing Strategy,"The recent marketing campaign has shown low engagement and conversion rates. Upon analyzing the data and adjusting the audience segments, there has been some improvement.","I apologize that you're experiencing low engagement and conversion rates for your recent marketing campaign. I understand that you've already analyzed the data and adjusted the audience segments, which has shown some improvement. I would be happy to help further investigate this issue. Could you please provide information on the campaign's channels and the type of content that was promoted? Additionally, it would be helpful to know the specific metrics you are using to measure engagement and conversion rates. If available, I would like to schedule a call at your convenience. <tel_num>",Product Support,high
31,Concern Regarding Safety of Medical Information,Seek Assistance,We are here to support you with your medical data security concern. Please share more details about the issue you are facing so we can assist you better.,Returns and Exchanges,high
32,Concern Over Hospital System Security Breach,"The system is malfunctioning, leading to the exposure of medical data due to compromised security protocols. A reboot was attempted, but access logs revealed some irregularities.",We are investigating the security breach in your hospital's systems. Could you please provide more details on the system malfunction and share the access logs? It would be convenient to discuss this further over a call. Please let us know a suitable time to reach you at <tel_num>.,Returns and Exchanges,low
33,Request for Updating Product Details and Integration Options,"Dear Customer Support, I am writing to request an update to the product details and integration options. The current process is causing inconvenience to customers, and we would like to request that the product details be updated to reflect the correct information. Additionally, we would appreciate if the integration options could be updated to include more flexible options for customers, as this would greatly improve the overall customer experience and reduce the number of returns and exchanges. Thank you.","Thank you for reaching out to us regarding the update to product details and integration options. We understand that the current process is causing inconvenience to customers and appreciate your suggestions for improving the overall customer experience. Your request will be forwarded to the product development team for review and update as soon as possible. To better assist you, could you please provide specific information regarding the product details and the integration options you would like to see updated?",Returns and Exchanges,low
34,Concerns About Product Return and Exchange Procedures,"Customer Support has received several inquiries regarding the product return and exchange processes, which appear to be negatively impacted by unclear usage guidelines and unexpected functionality issues. Efforts to clarify the purchasing process have led to a notable improvement in customer satisfaction, but the return and exchange process remains a challenge for customers, resulting in a decline in overall customer satisfaction. It is believed that re-evaluating product descriptions, usage guidelines, and the overall purchasing process is essential.","Received an email about the issues with the product return and exchange process. To better understand the problem, could you please provide specific details about the return and exchange issues that customers are experiencing? I am happy to assist in improving the customer experience and reducing returns.",Returns and Exchanges,low
35,Security Concern in Hospital System,"There was an unauthorized access attempt on the hospital's system. This incident might have occurred due to outdated security protocols. After reviewing the access logs, it was noted that reinforcing password policies is necessary. Assistance is required to ensure the security system is up to date.",We take security issues very seriously. We will assist in reviewing and updating the security protocols. Please provide your contact information so we can discuss the necessary steps at a convenient time to ensure the security system is robust.,Returns and Exchanges,low
36,Problem with Google Meet Integration,"Customer Support, <br>We are encountering issues with data visualization for investment analysis meetings using Google Meet. The problem appears to be related to integration conflicts with Excel 2021 and Google Meet. Despite attempting to restart the applications and optimize settings, the issue continues. <br>We would greatly appreciate if you could look into this matter and provide a solution at your earliest convenience. <br>Thank you for your assistance. <br>Best regards","Dear [Name], we apologize for the issue with the Google Meet integration. To better assist you, could you please provide more details about the error message and the specific problem you are experiencing during data visualization meetings? Once we have the necessary information, we will look into this matter and provide a solution as soon as possible. If needed, we can schedule a call at [Tel Number] to discuss the issue and find a resolution. Please let us know a convenient time for the call.",Sales and Pre-Sales,low
37,Assistance Required for Data Analytics,Could you please offer guidance on specifications for data analytics solutions aimed at optimizing investments?,"<name>, thank you for contacting the service desk. I would be pleased to provide guidance on the specifications for data analytics solutions to optimize investments. These solutions include predictive modeling and data visualization tools designed to aid in making well-informed investment decisions. If you require further information, I would be happy to arrange a call to discuss your specific needs. Please let me know a convenient time for the call, and I will be glad to contact you at <tel_num>.",Sales and Pre-Sales,low
38,System Error Notification,"The data analytics platform has experienced a crash, affecting investment optimization processes. Likely reason: software incompatibility or overload.","Examine the system error to identify if software incompatibility or overload is the cause, and reach out promptly to discuss corrective measures.",Sales and Pre-Sales,low
39,Assistance Needed for Integration,"Dear Customer Support, I am seeking guidance on integrating the Redis 6.2 data analytics platform. Our team is exploring ways to leverage Redis's high performance and scalability, but we are uncertain about the best approach for integration. Could you please provide comprehensive documentation with step-by-step instructions? Specifically, we would like to understand any compatibility issues, configuration prerequisites, and common pitfalls to avoid. We are excited about the prospects of using Redis to enhance our data analytics capabilities and appreciate your support.","<name>, thank you for reaching out to our support team. We are happy to assist you with integrating the Redis 6.2 data analytics platform. We will send you detailed documentation with step-by-step instructions to help you proceed. If you have further questions or wish to discuss specific requirements or address compatibility concerns, please schedule a call at <tel_num>.",Sales and Pre-Sales,medium
40,Enhancing Investment Approaches with Data Analytics,Kindly supply comprehensive instructions for refining investment strategies utilizing data analytics features available on the platform. Examples and a step-by-step guide to assist in beginning would be highly valued.,"<name>,\n\nThank you for contacting the service desk regarding enhancing investment strategies through data analytics tools on our platform. We appreciate your interest in utilizing these tools to improve your investment decisions. To get started, we suggest logging into your account <acc_num> and navigating to the analytics dashboard. There, you will find various data visualization tools and reports designed to support your investment analysis. For detailed, step-by-step instructions and examples, please consult our online user guide.",Sales and Pre-Sales,high
41,Trouble with Digital Strategy Tools Access,"Facing sporadic difficulties accessing digital strategy tools. This could be related to server maintenance or network fluctuations. After clearing the cache and restarting the affected applications, the problem still persists. I would greatly appreciate prompt assistance to resolve this issue.",Please investigate the access issue with the digital strategy tools and contact <tel_num> for further assistance.,Service Outages and Maintenance,low
42,Immediate Concern,Resolve disruption affecting Salesforce integration,We are addressing the urgent issue with the Salesforce integration outage. Please provide the error message you are seeing. Contact us at <tel_num> to help resolve the issue as soon as possible. Your account number is <acc_num>.,Service Outages and Maintenance,high
43,Service Outage Support Inquiry,"Facing problems with Pro Tools, Blackboard Learn, and SendGrid due to service outages, leading to project delays and communication failures. Possible server overloads; recent maintenance was scheduled, and load balancing adjustments were attempted.","Hello, I'm sorry to hear you're experiencing issues with Pro Tools, Blackboard Learn, and SendGrid due to service outages. We understand that these are causing project delays and communication failures. We would like to investigate the matter to determine the root cause of the issue. Please provide information regarding the recent maintenance schedule and the load balancing adjustments that were attempted. Additionally, please provide your <acc_num> so we can look into the issue further. We are available to schedule a call to discuss this further.",Service Outages and Maintenance,high
44,Problem with Application Connectivity Today,"Customer Support, <br>There have been intermittent connectivity issues with our application. This may be due to an unexpected spike in user traffic. We have already attempted to restart the services and monitor server loads, but the issue still persists. <br>Our team is working hard to resolve this issue and we require additional assistance from your team. Could you please look into this matter and provide a solution as soon as possible? <br>We appreciate your prompt attention to this matter and look forward to hearing from you soon. <br>Thank you.","Customer, we have received your email regarding the issue with application connectivity. We understand that your team has attempted to restart the services and monitor server loads, but the issue still persists. We would like to assist further. Could you please provide us with more details about the error messages you are receiving and the exact time the issue started? We will escalate this issue to our technical team to work together to find a solution as soon as possible. We also need to schedule a call to discuss this matter further. Thank you for bringing this to our attention.",Service Outages and Maintenance,low
45,Advice on Securing Medical Data with Drupal Commerce and Salesforce CRM,"Hello Customer Support, I am seeking guidance on securing medical data when integrating Drupal Commerce with Salesforce CRM. Medical data is highly sensitive and requires careful handling and storage. Could you provide some best practices for integrating these systems to ensure the security and integrity of the medical data? Additionally, any recommendations or resources that could assist in achieving this would be greatly appreciated. Thank you for your help.",Thank you for your request. We will be happy to provide guidance on securing medical data with Drupal Commerce and Salesforce CRM. Please allow us to call at a convenient time to discuss best practices and recommendations for integrating these systems securely.,Service Outages and Maintenance,high
46,Assistance with IFTTT Integration,Looking for comprehensive integration instructions for the IFTTT SaaS project management solution? Require step-by-step guidance.,"<name>, thank you for your interest in integrating the IFTTT SaaS project management solution. For detailed step-by-step guidelines, please refer to the knowledge base article on IFTTT integration. If you need further assistance, feel free to let us know and we will be happy to help. Alternatively, for a more personalized walk-through, please provide a convenient time for a call, and we can contact you at <tel_num>.",Technical Support,high
47,Incident of Medical Data Security,"Customer Support, <br>We are preparing a report on a potential security incident involving sensitive medical data. Recently, an unauthorized access alert was triggered, which may indicate a possible data breach. The initial investigation suggests that it might have been caused by outdated software and misconfigured settings. <br>So far, the following steps have been taken to address the issue: updated McAfee to the latest security patches and checked user permissions to ensure they are correctly assigned.","To discuss the steps required to secure the medical data, please contact us at <tel_num> for further investigation.",Technical Support,low
48,Guidance on Integrating Microsoft Azure with Monday.com Projects,Could you offer guidance on integrating Microsoft Azure with Monday.com to improve project management? My goal is to streamline our workflow and enhance collaboration. I would greatly appreciate your assistance.,"I can provide guidance on integrating Microsoft Azure with Monday.com for project management. To better assist you, could you please provide details about your current workflow and specific requirements? This will help outline the necessary steps to integrate the tools and enhance collaboration. If you're available, we could schedule a call at <tel_num> to discuss further.",Technical Support,high
49,System Performance Problems,"The company encountered slow system responses, crashes, and difficulties with data analysis. Potential reasons may involve software conflicts among the listed applications. Despite restarting devices and updating the software, the problems continue. Assistance is required to resolve this matter.","<name> is composing an acknowledgment email regarding the system performance issues faced by the company. It is understood that slowdowns, crashes, and data analysis problems have occurred, and initial steps such as device restarts and software updates have been taken. We would like to arrange a call to discuss the details of the issue. Please let us know a convenient time for the call to facilitate troubleshooting and identify solutions related to the software conflicts affecting the listed products in the account.",Technical Support,high
50,Detected Unauthorized Access Attempt,"There has been an unauthorized access attempt, possibly due to software vulnerabilities and weak passwords.","We have detected an unauthorized access attempt to your account. To ensure security, please change your password immediately and update your software to the latest version. If you need assistance, please reply to this email or call us at <tel_num> for support.",Technical Support,high
